C5,854495,
C6,36610,
C9,,928
C14,23930,
C15,92,
C18,36300,
C24,41430,875
C29,294,
C32,32610,
C33,41800,
C35,,1060
C36,39180,1052
C37,21770,1051
C46,20810,
C49,,1059
C53,42980,
C54,39740,1045
C61,,1057
C64,39180,1052
C74,39210,-1427
C78,39610,1142
C79,39610,1142
C80,35700,
C82,35400,854
C86,164780,
C89,69630,2424
C100,26060,505
C101,,107
C102,26180,-127
C103,,970
C106,72800,2552
C108,74240,
C109,,2665
C110,,111
C120,26700,529
C121,34760,
C125,34730,799
C126,38070,
C127,600622,-7797
C133,107380,-1410
C135,27940,590
C137,27660,-3080
C138,27420,124
C142,27490,582
C145,27360,579
C154,38560,996
C158,38590,998
C159,,133
C161,27730,-43
C163,26850,566
C165,170920,930
C11276,170920,930
C174,24250,
C179,,473
C182,28730,-38
C183,28730,-38
C188,,174
C197,,1033
C200,,650
C202,39590,-7537
C204,184990,
C207,31040,692
C213,31330,703
C216,31240,-650
C225,,220
C226,49600,-8037
C227,27860,218
C233,22030,432
C235,21190,259
C237,33040,735
C241,22570,404
C245,27090,403
C247,23240,
C249,35360,-759
C250,30740,673
C251,30740,673
C252,40500,1083
C255,41010,1112
C256,41010,1112
C257,41020,-6425
C261,41050,1113
C262,41040,
C266,22520,400
C270,37370,941
C271,37370,941
C275,119,99
C284,40480,1073
C291,40280,
C295,850149,189
C296,858543,1095
C297,98590,3378
C298,,204
C299,,-400
C301,43760,1227
C303,314,
C304,,1143
C305,863009,1166
C306,863009,1166
C312,41730,1137
C318,54870,1677
C319,54870,1677
C322,53190,1678
C323,52960,1619
C324,36660,
C329,54900,
C333,53420,
C336,36670,1700
C338,,1648
C341,54650,1660
C350,53820,1809
C361,53840,-236
C363,57820,-6256
C391,53830,1810
C397,53870,1818
C400,56270,1756
C404,55510,1759
C415,55920,1735
C417,91970,3369
C420,,2919
C421,79140,-1389
C435,,-75
C439,,1767
C442,55890,1765
C449,,1757
C454,56240,
C455,69800,2440
C456,,1768
C457,58570,-3682
C458,58570,-3682
C461,53060,1653
C462,53060,1653
C466,69780,1723
C467,69780,1723
C469,69820,
C470,54605,1646
C471,54605,1646
C472,54640,-287
C484,55930,1708
C490,,-4522
C491,54450,1731
C492,850454,-805
C496,,1946
C499,,1662
C500,,1662
C501,56310,1665
C502,56320,
C503,55820,
C512,55720,1729
C516,,1743
C534,,1749
C537,73010,
C538,53600,1787
C540,57210,1786
C542,,1795
C553,54070,
C555,58130,1834
C556,58130,1836
C562,58140,1833
C563,58430,1831
C564,450143,1828
C567,58060,1828
C572,58060,1828
C575,55150,1691
C576,850444,1687
C579,,1797
C593,,1800
C594,53510,
C596,,1781
C597,56690,
C599,48980,-2140
C600,54960,1683
C602,859161,
C603,859161,
C604,56910,1775
C605,,1773
C607,850481,1821
C610,54680,1807
C615,91900,3338
C616,21881,-15
C617,20030,297
C618,21881,305
C619,,-16
C620,54480,67
C624,54210,441
C627,54230,443
C628,54610,73
C629,54610,73
C630,54605,1646
C633,60310,1989
C636,56530,
C639,93,446
C640,,-5446
C641,159290,
C648,600270,2509
C649,89040,181
C651,20830,179
C662,38400,
C663,90030,
C667,854443,2326
C668,37830,969
C669,26151,520
C670,26150,520
C671,72230,2510
C672,71840,2273
C673,26440,105
C676,26450,112
C677,550032,527
C678,97660,3721
C680,27520,128
C681,89850,3301
C682,27700,585
C684,86570,3237
C685,86580,3237
C686,86580,3237
C691,24310,
C692,60330,
C697,37210,
C699,28610,
C708,854491,-2378
C709,854491,-2378
C714,28510,632
C715,28510,632
C716,142460,630
C718,,619
C725,127650,228
C734,138880,700
C735,138900,700
C737,89850,3301
C738,41960,1147
C739,851527,3401
C747,180680,
C749,20360,45
C755,22230,392
C762,55650,
C763,550400,-3178
C764,550400,-3178
C765,142820,
C766,142820,
C767,151410,708
C768,151350,5806
C771,30410,666
C772,30410,666
C775,39890,-6306
C777,,724
C778,,725
C783,,806
C789,34360,802
C790,21250,297
C792,850186,886
C793,28510,632
C794,29740,640
C795,29740,640
C799,271,209
C800,854495,796
C801,20990,
C814,,7366
C815,180740,
C820,171780,7263
C11278,10030,300
C825,21930,338
C826,21930,338
C827,21930,338
C854,21550,749
C855,28250,624
C866,20060,
C867,20060,
C868,20060,
C869,20060,
C870,20060,
C871,21550,749
C876,34840,826
C877,34840,826
C882,10270,765
C883,23640,72
C884,23640,16
C886,20520,755
C887,20570,335
C888,20570,335
C889,,777
C890,21420,15
C891,21420,15
C893,,759
C894,,759
C895,24730,771
C896,,772
C897,37500,962
C898,,-7923
C905,26870,-21
C928,,773
C931,26890,
C932,38130,983
C933,38120,
C934,45750,1323
C942,24120,465
C943,24430,470
C944,33370,774
C946,,7573
C950,33400,-5022
C951,851809,592
C978,31130,1096
C979,31130,1096
C988,266,782
C992,32820,727
C993,32820,727
C998,32830,728
C999,21180,762
C1001,33120,739
C1005,34920,851
C1006,22270,776
C1009,49970,-7500
C1010,40570,1084
C1016,40570,1084
C1028,203,676
C1029,191,191
C1032,148880,
C1035,10110,6496
C1037,163760,6525
C1038,163760,6525
C1039,163760,6525
C1042,,2933
C1046,163760,6525
C1047,162930,6508
C1050,159160,6259
C1054,166210,6747
C1058,113560,4386
C1059,113560,4386
C1092,163620,6514
C1094,854562,6287
C1095,159260,
C1102,160130,6294
C1104,164220,6297
C1105,,6291
C1107,,6291
C1112,160170,-5933
C1113,160180,6299
C1116,160190,6301
C1117,160230,6309
C1119,,6284
C1121,162280,6546
C1122,,6471
C1129,165680,6664
C1131,159210,
C1137,,6474
C1138,,6474
C1142,,6417
C1143,,6417
C1144,,6604
C1154,,6431
C1156,159380,6418
C1157,159380,6613
C1158,159380,6418
C1162,165080,6615
C1165,161770,6421
C1173,,6427
C1179,,6428
C1189,,6425
C1195,161730,
C1196,161710,6396
C1197,,6435
C1204,,-779
C1205,,-779
C1207,,6642
C1213,160630,6331
C1215,854564,6327
C1223,160850,6343
C1225,164310,-1514
C1227,401218,6579
C1228,164560,
C1229,164560,
C1232,164430,6581
C1236,,6583
C1237,160800,6338
C1243,160990,6346
C1246,161180,6353
C1248,160890,
C1253,,6372
C1258,,6379
C1261,161300,
C1265,160510,
C1266,156140,4526
C1268,,6371
C1270,,6383
C1276,854567,6316
C1282,163420,6318
C1283,,6275
C1291,,-1413
C1293,,6384
C1302,,6397
C1308,,6397
C1309,,6399
C1315,,6400
C1317,,6397
C1318,,6397
C1319,,6397
C1323,,6402
C1327,,6407
C1330,,6408
C1331,,-7953
C1336,165060,-7578
C1340,161690,6395
C1358,162200,6458
C1363,162200,6458
C1364,162200,6458
C1365,,6710
C1366,161940,6451
C1367,161950,-4718
C1368,161950,-4718
C1373,161960,6459
C1376,,6465
C1379,165520,6939
C1380,,6651
C1383,162420,6475
C1384,162420,6475
C1391,162500,6477
C1411,162490,6478
C1413,162470,6483
C1416,162530,6485
C1431,162440,-873
C1437,162440,-873
C1442,162440,-873
C1451,162530,6485
C1467,162580,6491
C1473,159010,-7839
C1478,166570,6466
C1479,166570,6466
C1484,159900,
C1485,,4576
C1487,,6469
C1490,,6281
C1492,164120,
C1494,159410,6439
C1495,159920,6445
C1501,159830,
C1503,159840,6443
C1504,159840,6443
C1505,159840,6443
C1507,854569,
C1522,163150,
C1524,858172,
C1529,159910,6442
C1533,165930,
C1537,,3434
C1547,93540,-6562
C1561,93500,3660
C1562,854651,3658
C1572,854651,3658
C1588,81460,
C1591,56120,
C1594,,3698
C1609,,3704
C1610,,3704
C1612,88370,3709
C1619,165110,
C1629,95270,-698
C1631,39360,1029
C1632,,3648
C1637,84560,3190
C1638,84560,3190
C1640,,-646
C1669,400043,2517
C1670,,3672
C1672,,3628
C1673,,3621
C1679,88180,
C1684,87800,3694
C1697,88350,
C1724,,-6690
C1725,,2527
C1730,,3480
C1735,40830,-4227
C1737,85420,3680
C1742,95420,3682
C1746,,3693
C1748,85580,3221
C1760,,3717
C1765,,3708
C1767,,-6690
C11283,96290,3710
C1771,850060,2291
C1781,851706,2324
C1785,72470,2496
C1788,72660,2534
C1789,66620,2297
C1800,77420,2797
C1801,69240,2277
C1809,69300,2408
C1810,69310,-762
C1813,,-4367
C1819,66870,-2421
C1822,66830,2283
C1823,66830,2283
C1824,66150,2279
C1825,66370,2281
C1826,66370,2281
C1827,66420,2302
C1830,68690,
C1841,67450,2724
C1842,76660,2717
C1843,,-7743
C1847,76710,
C1852,77100,2721
C1856,,2720
C1857,,2720
C1858,,-7744
C1870,70810,
C1872,,2340
C1874,,-652
C1875,,2580
C1882,70920,2466
C1886,,109
C1887,164780,
C1890,69560,2418
C1891,,2436
C1900,69610,2419
C1901,29840,646
C1902,29840,646
C1903,55500,1705
C1904,70420,2420
C1913,69590,2422
C1921,64850,2428
C1922,69760,2439
C1929,70310,2425
C1931,854513,-5140
C1934,70360,2437
C1936,68390,
C1941,68390,3368
C1945,71400,2478
C1950,71400,2478
C1956,70710,2464
C1961,78030,2753
C1962,71720,-4210
C1964,46450,2487
C1965,46450,2487
C1967,77760,2803
C1971,,2412
C1972,600469,-26
C1974,27260,-222
C1979,600050,2233
C1981,,1693
C1990,72630,2529
C1991,71880,2492
C1992,855067,2566
C1999,72120,-47
C2000,72010,-47
C2005,,1692
C2006,77710,2796
C2008,72540,2529
C2010,47820,
C2014,72940,2351
C2015,73040,2561
C2017,,2581
C2018,,2581
C2025,72830,
C2027,72830,
C2028,77800,2556
C2035,74950,2672
C2044,75070,2679
C2045,74750,2674
C2046,74770,2675
C2047,74780,2677
C2053,,2676
C2055,75870,
C2057,76210,2693
C2064,76010,
C2067,75590,2689
C2069,78340,
C2070,78340,
C2071,67500,
C2072,77960,2354
C2082,77310,2742
C2084,400854,2797
C2093,854516,2767
C2096,,2800
C2101,78140,2765
C2116,,-4524
C2117,78610,-4171
C2118,77690,2801
C2122,78220,2792
C2123,78220,2792
C2146,78150,2753
C2150,854515,-3035
C2155,24640,2942
C2156,24640,2942
C2157,89900,
C2160,69040,2380
C2161,69040,2380
C2164,69040,2380
C2165,69000,2378
C2176,,1258
C2178,67590,2393
C2191,68520,2405
C2192,69300,2408
C2195,74300,2646
C2196,74300,2646
C2198,600392,2254
C2199,600392,2254
C2203,76300,2702
C2207,,2644
C2208,,2644
C2219,76330,2701
C2257,,2703
C2260,,2707
C2261,,2707
C2262,,2710
C2270,76620,2711
C2273,,2699
C2280,71060,2348
C2281,64750,2238
C2282,73400,-4833
C2283,74010,2635
C2284,73530,2343
C2285,854514,2596
C2296,,2597
C2297,67280,2659
C2299,,2661
C2301,73330,2599
C2302,450266,2602
C2305,73500,2626
C2307,,2341
C2308,,2341
C2310,73860,2619
C2311,,2591
C2312,74370,
C2315,,2665
C2316,74690,2671
C2323,73561,2640
C2325,68920,2585
C2326,73130,2586
C2328,76230,2696
C2330,,2842
C2331,78480,2847
C2333,,2862
C2335,,2858
C2339,78670,2860
C2342,,2837
C2346,77140,2733
C11279,10070,2866
C2348,850787,2869
C2349,64360,2871
C2350,78870,2870
C2351,55500,1705
C2352,851623,2952
C2354,79580,-73
C2356,80340,3069
C2371,854518,3070
C2381,854518,2962
C2383,80450,3071
C2384,550008,3021
C2386,,1368
C2387,,3009
C2389,85100,3020
C2393,851623,3017
C2394,,3022
C2395,854518,3070
C2397,,547
C2417,81650,3104
C2418,81650,3104
C2427,81680,3106
C2429,82530,3125
C2432,,3122
C2441,82810,3136
C2442,82850,3138
C2443,82870,3142
C2444,82260,3117
C2445,851663,3017
C2446,89240,3286
C2450,854710,
C2452,600036,3290
C2456,,3284
C2458,89190,558
C2473,27410,3164
C2474,81660,3105
C2475,81660,3105
C2477,,3173
C2479,84510,-2317
C2486,80170,3058
C2490,500005,3095
C2498,69630,3198
C2499,69630,3198
C2502,70220,-4361
C2503,70220,-4361
C2504,,1714
C2506,84920,-3894
C2507,83110,3149
C2508,83140,3148
C2510,85040,3205
C2511,85040,3205
C2512,85040,3205
C2513,88270,
C2519,87870,3263
C2522,90960,3299
C2523,90880,3298
C2527,90900,3063
C2529,,-807
C2530,,-358
C2531,600030,2779
C2532,600056,2781
C2533,860665,3302
C2534,90160,
C2535,90260,3318
C2536,90280,3320
C2537,90360,-4991
C2538,400281,3323
C2556,90120,
C2557,500020,3314
C2558,91410,-3297
C2561,,2938
C2562,90080,
C2563,90080,
C2564,90080,
C2565,90170,
C2566,89980,
C2567,89980,
C2568,89980,
C2569,66000,
C2570,83950,3313
C2572,90020,
C2573,90020,
C2574,90020,
C2578,80800,3081
C2589,80840,3085
C2593,80060,3089
C2595,81570,
C2596,81410,
C2598,85010,3062
C2602,80650,-1101
C2603,88620,
C2606,,3279
C2607,138010,
C2610,88400,3275
C2611,87560,3252
C2613,87560,3252
C2619,87620,-1448
C2620,87600,-1448
C2622,87580,
C2623,83420,3155
C2627,83380,-240
C2628,,-4801
C2632,854519,-3275
C2633,83680,-191
C2637,550034,3156
C2640,86600,3238
C2643,27700,585
C2644,81400,3100
C2650,,3100
C2651,85210,
C2654,85290,3215
C2655,86130,3233
C2656,86150,-2221
C2658,86210,-2221
C2659,854520,
C2662,86430,3235
C2667,85490,3220
C2671,85710,-2099
C2674,85790,3225
C2676,86680,3241
C2691,91670,
C2706,,3334
C2711,86750,3333
C2712,854565,-3257
C2723,,2932
C2724,89720,3294
C2734,450158,825
C2735,36300,
C2738,23770,80
C2739,23830,83
C2740,41470,1123
C2742,,-2539
C2743,,1139
C2744,32440,233
C2745,21420,15
C2746,37740,967
C2747,37740,967
C2753,101440,-475
C2754,38050,973
C2756,24120,465
C2758,31250,212
C2761,31610,222
C2763,21140,-317
C2764,850291,264
C2765,23110,-4346
C2766,40900,-5535
C2777,21810,353
C2778,30210,662
C2779,42100,1162
C2780,42120,-3636
C2783,851446,1839
C2785,550051,1931
C2786,550021,1925
C2788,851661,1921
C2790,58710,1838
C2791,58780,1922
C2792,58780,1922
C2794,851661,1920
C2795,59610,
C2797,,7097
C2798,,1926
C2799,58780,1922
C2800,851661,1920
C2801,61010,
C2802,58650,1941
C2803,,1954
C2808,854511,
C2809,59300,
C2820,,2112
C2831,55770,
C2832,60020,1978
C2835,60030,1977
C2837,59960,1981
C2847,60130,1983
C2852,60130,1983
C2856,59990,-230
C2858,83010,1971
C2859,59540,1972
C2862,60300,2078
C2863,60220,1985
C2868,401147,1939
C2869,60920,2083
C2874,62900,2084
C2876,,2099
C2880,,2098
C2888,,2042
C2890,,2028
C2894,61260,2096
C2895,61240,2091
C2903,,2105
C2912,62180,2142
C2919,62450,
C2920,62450,
C2922,59460,2179
C2925,59440,2178
C2933,63270,2181
C2936,62890,
C2937,63120,
C2939,63110,2187
C2940,,2186
C2942,62980,2185
C2944,61140,1990
C2946,61780,2131
C2949,62280,2150
C2956,62290,2152
C2958,62610,2155
C2966,62240,
C2973,61730,2136
C2979,61370,2120
C2983,61900,2138
C2985,61950,2139
C2986,61950,2139
C2995,62220,2127
C2997,59230,2141
C3004,61400,2124
C3005,61490,2126
C3006,61490,2126
C3016,,2191
C3019,,2192
C3023,62730,2166
C3024,,2162
C3026,62340,
C3029,600214,3438
C3030,600214,3438
C3034,93290,3436
C3035,93290,3436
C3037,93230,3423
C3038,92560,3408
C3049,92630,3411
C3052,,-2506
C3053,,4185
C3055,92640,3412
C3056,64970,
C3058,95940,3561
C3066,96290,3710
C3080,96440,3591
C3086,94160,3482
C3087,94160,3482
C3088,94180,3484
C3090,94200,3485
C3092,94530,3491
C3093,94530,3491
C3094,94530,3491
C3095,94530,3491
C3101,94530,3491
C3103,94600,3500
C3109,94920,3519
C3114,855219,3490
C3115,84370,3181
C3116,84360,3181
C3121,94700,3515
C3128,94720,
C3129,92870,3474
C3130,95030,3473
C3132,95350,-162
C3137,95350,-162
C3138,60430,2002
C3139,,2003
C3140,60430,2002
C3144,94410,
C3145,,3563
C3146,96130,3575
C3150,96011,3569
C3151,96010,3569
C3155,,3582
C3162,96600,3606
C3164,,4396
C3173,,3377
C3175,,4186
C3176,108880,
C3177,93850,3599
C3178,96610,3601
C3179,96620,-6631
C3180,400633,3656
C3182,,3433
C3185,96640,3608
C3194,90810,
C3195,,3611
C3196,92830,
C3201,39210,140
C3203,95130,3517
C3204,95130,3517
C3206,93880,
C3207,48130,3462
C3222,96210,3586
C3235,93690,3531
C3239,95890,3557
C3242,95930,3558
C3245,95890,
C3254,95500,3538
C3255,,3541
C3258,,3590
C3262,10090,4934
C3263,125670,-332
C3268,851454,2250
C3269,,1711
C3271,125040,4940
C3272,125010,4938
C3273,,4941
C3274,128660,
C3275,128660,4985
C3276,128660,
C3277,128660,
C3278,128660,
C3283,400960,5705
C3284,400960,5706
C3285,147350,5702
C3286,854540,4948
C3288,126200,5017
C3295,125600,4969
C3302,129610,
C3303,129610,
C3304,130360,5132
C3312,131200,5177
C3313,131210,5183
C3314,131390,5185
C3327,131320,
C3328,131320,
C3329,131320,
C3330,856678,-910
C3331,856678,-910
C3337,131230,
C3339,131530,5182
C3340,131120,5194
C3343,131040,5033
C3344,132270,5193
C3351,128750,
C3357,,-8051
C3360,131760,
C3361,131770,5197
C3363,131850,
C3364,,5221
C3365,132260,5222
C3366,133370,5224
C3373,131980,5209
C3374,131900,5205
C3375,,4960
C3376,,4960
C3377,,4960
C3379,,5204
C3380,125670,-332
C3381,126360,5016
C3382,126360,5016
C3385,131460,
C3387,855957,5130
C3388,855957,5130
C3390,138920,5378
C3391,,5065
C3397,,4951
C3398,,5052
C3403,,5642
C3407,127380,5099
C3408,127330,5632
C3423,854552,5634
C3428,146060,
C3429,146610,5658
C3431,146790,
C3440,,5639
C3442,146080,
C3443,146260,-2753
C3453,,5425
C3454,,5422
C3455,126840,5383
C3475,,5433
C3499,,5435
C3503,,5412
C3509,134830,-7796
C3519,134640,5287
C3525,134140,5275
C3526,134140,5275
C3529,136700,
C3531,134820,5288
C3534,,-7838
C3537,851677,5298
C3544,135180,5297
C3557,,5318
C3558,,5318
C3564,,5085
C3566,134360,5280
C3567,,5307
C3571,,6040
C3573,138640,-3579
C3575,854546,5336
C3583,136230,5324
C3584,136230,5324
C3587,136260,5330
C3588,136260,5330
C3591,,5339
C3593,,5341
C3594,138280,5359
C3599,137910,
C3602,138130,5356
C3603,138730,5361
C3604,138790,
C3605,138670,5368
C3606,138620,-3322
C3613,138580,-468
C3614,138620,-3322
C3616,136210,
C3618,136210,
C3627,,2607
C3629,128910,5087
C3637,137250,5349
C3642,137300,5350
C3643,137850,5355
C3647,500330,
C3648,137210,5344
C3649,,3935
C3650,,3935
C3651,132710,5247
C3653,132730,-745
C3654,132730,-745
C3655,854543,5230
C3662,,-531
C3669,,5232
C3671,132440,5252
C3674,,5255
C3675,132820,5251
C3683,132440,5259
C3684,138880,700
C3685,,5046
C3687,138980,
C3688,854835,
C3690,139070,5390
C3694,,5382
C3703,139490,
C3704,131760,5401
C3714,131840,
C3721,139370,5396
C3723,139920,
C3724,129060,5089
C3725,129060,5089
C3732,139410,5397
C3749,127250,5096
C3751,143740,
C3752,,5097
C3753,,5586
C3754,,5152
C3755,127250,
C3759,132440,
C3760,149520,5709
C3761,149520,5709
C3762,150140,5728
C3763,149660,
C3765,138580,-468
C3766,148520,5767
C3767,126130,5069
C3768,854553,5725
C3775,147890,5727
C3776,147890,5727
C3781,,5730
C3782,,-510
C3785,148840,5716
C3787,854555,5720
C3789,854555,5720
C3792,854555,5720
C3798,149770,
C3800,149790,5733
C3801,,5734
C3806,148990,5724
C3810,149840,5742
C3811,139950,5007
C3812,150560,5743
C3828,854554,5735
C3835,,5770
C3840,149680,
C3844,148240,5740
C3847,,5792
C3850,854542,
C3857,854542,5108
C3858,,5106
C3860,131180,5107
C3862,128520,
C3863,128520,
C3866,129420,5104
C3867,136970,-5958
C3868,132210,5159
C3870,130160,5122
C3871,,5121
C3881,149730,5166
C3889,130630,5143
C3890,140540,5138
C3898,142250,5521
C3899,,5549
C3900,141440,5502
C3903,141400,5495
C3905,141420,5505
C3906,141420,5488
C3910,,5593
C3912,,-7894
C3918,141760,
C3920,141480,5491
C3922,157480,
C3928,854549,5537
C3929,,-7891
C3930,,-3088
C3931,133760,
C3932,133760,
C3934,133790,
C3935,854535,4603
C3937,133440,5266
C3939,133420,5269
C3940,133420,-1534
C3941,133990,5270
C3943,,5267
C3951,127060,
C3952,858549,5438
C3954,140090,
C3957,129190,5093
C3959,129190,5093
C3963,143410,-3125
C3965,854548,5151
C3970,143190,5539
C3971,,5737
C3972,600375,5552
C3981,855553,5554
C3982,855553,5554
C3983,450097,5553
C3986,125370,5458
C3992,143540,5578
C3993,140780,5461
C3996,,1206
C3998,851680,
C3999,143480,
C4001,143490,
C4003,851622,6978
C4006,550052,7051
C11280,550046,7044
C4007,851662,7039
C4010,172700,6982
C4017,854583,7137
C4018,177830,7086
C4019,851662,7038
C4020,851711,7055
C4050,,-4812
C4065,854573,6979
C4066,179800,7328
C4070,169790,7518
C4071,169790,7518
C4073,550046,7044
C4075,183450,7198
C4078,,7218
C4079,,7218
C4080,183240,7094
C4081,183430,7196
C4084,183120,7170
C4085,183120,7170
C4086,183460,7197
C4092,183530,
C4093,854590,7178
C4105,171450,
C4107,178580,-4793
C4109,850078,7244
C4115,,2316
C4122,170750,7224
C4130,,7228
C4143,178750,7207
C4149,177830,7086
C4150,851662,7038
C4151,169790,
C4166,175070,7194
C4167,175070,7194
C4170,,-260
C4171,,7098
C4172,,-49
C4173,,7109
C4188,,7475
C4204,173740,7482
C4211,173610,7476
C4219,173620,-3288
C4222,,7470
C4225,173710,-3807
C4243,176080,
C4245,,-3217
C4253,,7375
C4254,,7550
C4256,176330,-405
C4260,172550,
C4261,,-4807
C4268,,7382
C4269,,7382
C4282,854578,7271
C4283,172210,-3651
C4290,179330,7287
C4294,172150,7275
C4296,172250,-3883
C4302,852332,7277
C4303,179320,7274
C4307,172200,
C4320,175530,7294
C4323,179430,7297
C4324,179420,7302
C4329,172340,
C4330,172340,
C4334,175840,7306
C4337,,7310
C4339,175740,7305
C4358,66000,
C4368,,7340
C4378,184370,7767
C4387,184380,
C4392,171450,
C4403,178290,7233
C4407,175070,
C4408,179030,
C4409,,7234
C4411,,2613
C4415,,7231
C4418,178970,7232
C4419,179020,7252
C4427,171690,
C4428,171170,
C4430,858677,
C4432,184990,
C4433,184990,
C4434,184660,7351
C4435,184660,7351
C4440,184990,
C4445,92500,7343
C4452,176250,7148
C4453,184630,6975
C4485,,2937
C4493,,7365
C4508,,7544
C4519,854576,
C4521,172850,7547
C4522,169220,7371
C4529,180690,-8099
C4530,180690,-3893
C4531,180690,-8099
C4553,177780,
C4580,854592,
C4590,185830,-2519
C4591,170080,
C4592,170080,
C4599,170480,7156
C4615,170290,
C4616,170290,
C4618,,7125
C4622,,4829
C4635,174480,7638
C4651,177840,
C4661,182830,7123
C4668,175120,7131
C4674,178160,7144
C4691,170470,7155
C4692,170470,7155
C4693,170500,7156
C4702,173170,
C4707,169660,7451
C4720,169650,7453
C4732,171750,-206
C4737,180440,7417
C4740,,-568
C4755,173110,7433
C4763,180380,7407
C4768,,7430
C4777,173210,7425
C4796,,7392
C4798,172980,7394
C4814,180320,
C4820,176760,7420
C4827,185320,7405
C4828,173370,-8050
C4852,,7106
C4853,,7106
C4855,180950,7499
C4858,854588,7497
C4864,166130,6679
C4867,181210,7500
C4868,173680,7487
C4870,854588,
C4872,181250,
C4873,,7495
C4879,181270,
C4880,600041,1256
C4883,42370,1172
C4884,44310,-7701
C4894,600041,1256
C4895,600041,1256
C4896,600041,1256
C4899,42550,1228
C4900,42550,1228
C4901,44230,1265
C4902,42550,1228
C4904,43010,1192
C4910,43010,1196
C4911,43010,1187
C4921,43010,1187
C4927,,1305
C4928,53640,1640
C4929,45270,1317
C4936,42630,1229
C4937,42630,1229
C4938,42490,-690
C4948,,1233
C4955,,1237
C4963,,1241
C4964,,1241
C4966,51990,1249
C4967,,1524
C4980,50790,
C4982,44680,-972
C4984,,1460
C4988,,1456
C4993,47850,
C4994,46600,1431
C4996,,1438
C5003,46710,1383
C5033,45920,1348
C5035,45990,1349
C5038,46050,1355
C5039,,1363
C5040,46420,1378
C5041,65930,7146
C5053,,1358
C5055,46280,1239
C5057,46050,1354
C5064,46060,1356
C5071,,1359
C5073,46790,-4313
C5078,47220,1404
C5079,47020,1396
C5080,46660,1382
C5086,850648,1370
C5087,,1393
C5096,44430,1274
C5098,44430,1274
C5102,44460,1276
C5105,44910,1308
C5109,22980,1426
C5110,47271,1407
C5113,47310,
C5122,,1431
C5131,48090,1441
C5132,,1439
C5133,,1451
C5134,,1451
C5136,93780,3601
C5139,44740,
C5144,,1434
C5148,,1435
C5149,20900,
C5154,49470,1506
C5161,49460,1502
C5163,49620,1512
C5166,50030,1521
C5170,49520,1508
C5174,650064,
C5175,91940,433
C5177,,1559
C5178,,1566
C5181,,1566
C5183,43580,-379
C5184,43700,1557
C5188,43940,1570
C5189,43950,
C5190,44230,1265
C5194,52360,1552
C5201,,1588
C5203,52620,1572
C5218,854506,-3983
C5223,51170,
C5225,45900,1577
C5226,,1576
C5229,,1583
C5241,854504,
C5247,51900,1585
C5248,51900,1585
C5253,49060,1488
C5255,,1526
C5257,49120,1490
C5263,,1524
C5267,,2884
C5268,50270,1528
C5269,50340,1535
C5273,50540,54
C5276,50480,1532
C5279,49330,-6720
C5280,49800,1514
C5284,49850,1515
C5285,50700,1538
C5289,,1539
C5290,50310,
C5294,45860,1346
C5295,43030,
C5296,48700,1480
C5298,48330,1473
C5302,48880,1479
C5304,43010,1187
C5320,48760,1197
C5321,48790,1478
C5325,48980,-2140
C5326,48440,1482
C5338,,1475
C5339,,1487
C5343,49310,
C5344,52360,
C5349,52090,1602
C5355,50840,-2563
C5359,50860,1546
C5364,50900,
C5366,,-2756
C5368,60310,1989
C5369,60970,
C5381,60070,
C5385,59190,
C5387,61760,
C5409,159730,
C5418,20480,326
C5419,20090,257
C5420,22930,419
C5426,107,472
C5427,89,84
C5438,41180,1120
C5441,21010,236
C5444,27530,164
C5445,21770,1051
C5465,854499,1062
C5471,38390,
C5493,37990,
C5494,,413
C5495,27560,572
C5496,27560,572
C5501,27880,
C5502,27880,
C5508,38530,995
C5513,24070,453
C5527,24110,455
C5535,27190,578
C5544,,3466
C5548,39650,1043
C5557,,650
C5558,287,
C5560,39800,1050
C5565,31730,706
C5570,335,
C5571,41980,1146
C5574,340,266
C5580,340,266
C5581,325,268
C5583,33410,279
C5588,,281
C5589,49,
C5595,40890,1102
C5619,40570,1084
C5620,40630,1086
C5623,40640,
C5628,36750,-3456
C5629,37240,945
C5631,37480,
C5633,37480,
C5636,24610,
C5639,30160,660
C5640,851887,1072
C5651,264,223
C5655,281,225
C5659,33540,287
C5661,,1165
C5666,,1136
C5667,314,
C5673,95620,3542
C5675,151540,5830
C5676,851685,5831
C5679,114740,4428
C5684,114620,-699
C5691,156610,5812
C5695,151300,5814
C5696,112980,
C5698,154340,5992
C5699,121200,4610
C5701,,4079
C5704,155320,
C5706,155920,
C5707,38530,997
C5709,,6005
C5711,854557,5813
C5713,113410,4709
C5723,113430,
C5724,114460,-1470
C5725,114470,-7791
C5726,114470,-7791
C5727,114470,-7791
C5728,114460,-1470
C5730,,4650
C5731,113110,
C5732,600392,2254
C5735,152280,5832
C5738,114470,-7791
C5740,113070,
C5742,115570,4450
C5743,153350,5914
C5747,154080,5975
C5748,182660,7725
C5749,133800,
C5751,153350,5914
C5756,153250,5919
C5760,,5928
C5761,,5928
C5764,115700,4458
C5767,153350,5914
C5773,153600,5931
C5775,153880,
C5776,,5906
C5777,,6233
C5780,152150,
C5782,854561,-1069
C5785,,6168
C5791,,6171
C5800,,5810
C5802,119870,-773
C5805,,4587
C5807,151870,
C5808,118390,4588
C5814,118390,4588
C5815,118390,4890
C5821,156840,6123
C5825,,6121
C5826,854533,4527
C5833,156790,
C5835,118280,4530
C5836,,4593
C5838,,4595
C5840,,6131
C5847,120420,4574
C5851,156220,-1076
C5852,156220,-1426
C5853,,6127
C5854,,6127
C5855,860883,
C5859,,6126
C5863,139770,
C5864,,-123
C5865,,6129
C5866,,6129
C5869,116910,4499
C5875,144990,-509
C5878,154450,-8108
C5879,154400,
C5880,,5998
C5881,154440,6011
C5882,151800,
C5883,154850,5995
C5887,30870,
C5888,154710,6025
C5890,154720,
C5891,,6032
C5893,154570,6024
C5895,,6024
C5903,117240,
C5905,117280,4512
C5909,155000,6042
C5915,,6045
C5917,155240,6050
C5922,854559,6054
C5936,155480,6055
C5940,854560,6071
C5943,155880,6072
C5945,155940,6060
C5947,156000,6062
C5948,850993,6146
C5949,156470,
C5950,119430,
C5953,156400,4545
C5957,156510,6087
C5959,156540,6086
C5961,118730,4535
C5962,118730,4535
C5964,153490,5926
C5966,156140,4526
C5967,,5942
C5969,157200,6148
C5971,157160,5935
C5981,153370,5941
C5982,144860,5939
C5986,153970,5943
C5995,854383,4467
C6002,144920,5958
C6003,144920,5958
C6006,116270,4471
C6007,116270,4471
C6011,116430,4473
C6014,156570,
C6015,600161,4437
C6019,152550,5859
C6024,156670,
C6025,400037,4549
C6026,114890,4435
C6030,150820,5761
C6032,156650,6091
C6033,156680,6093
C6043,156820,
C6047,156660,
C6055,120150,4568
C6058,,-1398
C6059,,-1398
C6064,120500,4583
C6069,120420,4574
C6072,,4584
C6074,151930,-4353
C6077,142460,5528
C6079,176900,
C6080,113800,4426
C6082,158470,6209
C6084,153090,5897
C6089,450452,5872
C6094,,5875
C6095,,5871
C6099,854561,-783
C6101,158600,6221
C6102,158970,
C6104,121460,4612
C6107,158290,
C6108,158300,
C6109,,6237
C6112,121710,4633
C6113,121710,4633
C6114,121730,4634
C6118,,-3481
C6129,143190,5539
C6130,,6241
C6131,,6236
C6133,151310,5877
C6134,151560,5876
C6139,151560,5876
C6140,151560,5876
C6141,151310,5877
C6142,151120,
C6145,152670,
C6146,113330,4447
C6148,113720,4444
C6149,152720,5884
C6150,144810,
C6154,153110,5903
C6155,153410,
C6157,,5155
C6161,129260,5864
C6168,,5856
C6169,157080,-498
C6170,157080,-498
C6172,114220,6151
C6175,157750,6152
C6176,450465,
C6183,145880,6163
C6185,,6154
C6188,116620,4483
C6189,63970,4480
C6192,,5979
C6193,154160,
C6196,,5514
C6197,,5513
C6199,,5982
C6200,,5986
C6202,116800,4484
C6204,154280,
C6215,156900,4910
C6216,150940,5785
C6225,,5786
C6231,,5781
C6232,,6173
C6235,,4646
C6236,854556,5794
C6241,150440,-8081
C6246,854551,6178
C6250,147120,
C6252,,-7660
C6254,147160,5687
C6256,,6181
C11282,10050,2193
C6260,63460,2197
C6268,,2207
C6269,852956,2206
C6276,63890,
C6277,63890,
C6282,64280,2218
C6284,64260,2219
C6285,64260,2219
C6289,850571,479
C6291,64040,
C6295,113230,
C6299,121610,4622
C6304,850795,-3108
C6310,152750,5882
C6317,123700,-7667
C6318,119610,4807
C6321,854539,4870
C6323,124610,-7962
C6326,120510,4903
C6327,114170,
C6328,850794,4797
C6333,850795,-3108
C6336,,4733
C6338,862789,-860
C6339,862789,4731
C6340,,4729
C6348,,3939
C6349,97770,3734
C6353,97760,3730
C6354,97350,3732
C6360,122080,4686
C6369,100160,
C6370,854528,3928
C6372,100310,-1087
C6373,,3933
C6375,,-1473
C6381,122080,4683
C6382,,2903
C6383,122080,4683
C6385,854526,3723
C6394,107660,
C6398,107510,4155
C6406,,5787
C6409,92210,3381
C6410,65170,2917
C6411,,4188
C6413,100770,
C6414,100260,3958
C6419,99790,3897
C6420,854529,3971
C6422,,3960
C6423,,3960
C6424,97580,3781
C6435,851405,4021
C6436,851405,4021
C6439,98020,3786
C6442,98120,3783
C6443,851405,4021
C6446,103290,4019
C6447,98010,
C6448,98220,
C6450,,6771
C6451,103690,3794
C6454,113540,-113
C6458,113860,4754
C6459,103740,4029
C6462,103750,4031
C6463,103750,4031
C6464,103920,4033
C6469,122810,4739
C6471,110660,3963
C6474,124730,4909
C6478,,4289
C6479,110700,
C6481,110440,
C6482,122800,4738
C6484,122810,4739
C6486,110540,4301
C6489,110550,
C6498,106860,4252
C6503,119850,4872
C6504,119850,4872
C6506,,4506
C6507,,4506
C6516,108340,4243
C6518,118410,
C6519,108340,4243
C6525,108390,
C6526,106340,4131
C6532,113560,4386
C6533,101010,
C6534,107760,4156
C6535,107760,4156
C6537,94010,3662
C6538,,3861
C6539,,3865
C6545,854746,4252
C6547,109120,
C6548,,4247
C6550,,3855
C6551,,4878
C6560,,3764
C6568,,4862
C6569,122880,4895
C6576,,3763
C6582,123810,4898
C6590,,4258
C6591,101610,4257
C6602,105480,4053
C6607,97670,3749
C6611,104700,3806
C6615,,3810
C6616,98420,3807
C6624,106020,
C6625,106020,
C6627,105070,4085
C6630,154890,4765
C6632,154910,5994
C6633,154910,5994
C6634,105240,
C6639,450114,4100
C6644,,4091
C6647,123010,4767
C6649,105780,4096
C6652,104750,
C6660,98480,3811
C6662,98200,3797
C6668,65370,4768
C6672,98700,3817
C6676,854537,-755
C6680,,-393
C6686,123110,4769
C6688,105900,4102
C6697,,4124
C6701,98560,3817
C6702,123230,-1031
C6703,105300,4123
C6704,854531,4112
C6705,85370,3750
C6706,106050,4121
C6708,105900,4104
C6713,123550,4794
C6714,107110,4145
C6715,110300,4294
C6716,104940,4069
C6718,119430,
C6720,99940,3914
C6722,,3830
C6723,106280,4131
C6728,108010,4137
C6732,98260,3801
C6739,103300,4014
C6740,101300,4039
C6743,101330,
C6744,36250,914
C6745,104000,4038
C6748,104240,
C6750,,4047
C6756,119570,4802
C6757,,4724
C6759,108340,4162
C6760,99010,
C6761,107500,4151
C6766,,4204
C6768,108990,-4174
C6774,124420,4799
C6779,123940,4834
C6780,123940,4834
C6785,99020,3772
C6787,108400,
C6788,116300,4860
C6790,120250,
C6791,,4215
C6792,120150,4568
C6796,167880,
C6801,27690,-6983
C6802,99170,3841
C6803,99170,3841
C6807,99050,3831
C6808,109110,4237
C6812,166470,
C6815,120010,4564
C6828,,4240
C6833,109180,4238
C6843,,4584
C6846,109370,4264
C6847,109680,-7815
C6850,109550,4269
C6851,109750,4266
C6852,124600,4907
C6862,,4282
C6863,110020,4284
C6864,112330,4309
C6865,112300,4374
C6868,,-5187
C6869,100400,3947
C6884,859285,4918
C6887,100310,-1087
C6888,101770,-1479
C6889,99620,3756
C6890,101770,
C6891,111070,4358
C6895,122000,4919
C6898,121520,4727
C6899,101680,4357
C6900,101680,4357
C6901,112040,3970
C6902,,4369
C6909,,4326
C6912,121520,4727
C6913,111840,4351
C6914,,-7810
C6917,111120,
C6918,111800,4348
C6921,,-1183
C6924,124950,4923
C6928,,4353
C6931,99680,3883
C6935,111230,4332
C6939,,4334
C6940,111300,
C6943,111860,4352
C6945,111800,4346
C6946,111850,
C6948,,-7810
C6951,97740,
C6952,,4356
C6953,178000,7140
C6955,600240,
C6956,124920,4927
C6961,854526,3733
C6965,99060,3837
C6968,58940,1881
C6970,,-225
C6971,102640,3985
C6973,854530,3993
C6977,854530,3994
C6982,101060,3984
C6988,103170,4007
C6991,97980,3755
C6992,854603,3936
C6993,,-758
C6994,40070,4012
C6999,600374,3776
C7000,,-3342
C7010,104390,4049
C7011,104390,4049
C7015,104490,4050
C7017,103270,4052
C7020,104560,
C7021,109250,4262
C7024,120420,4904
C7027,116640,
C7028,,3983
C7039,,4300
C7041,98220,3798
C7055,859134,7854
C7056,181560,-6956
C7057,182570,7694
C7058,174260,7562
C7073,174300,
C7080,182480,
C7081,,7664
C7083,112140,
C7084,181870,7686
C7087,181770,7681
C7089,185810,7853
C7098,,7856
C7106,184240,
C7119,,7829
C7124,,7831
C7131,,7832
C7145,173770,
C7148,184350,
C7150,52710,
C7160,854589,7802
C7164,550245,-919
C7167,,7804
C7189,175960,
C7195,176410,7811
C7198,,7810
C7211,,7819
C7212,185170,7816
C7213,,7817
C7215,182160,7740
C7216,182150,
C7218,,-3641
C7219,184040,7748
C7220,184040,7748
C7225,183730,7730
C7232,600481,2913
C7233,600481,2913
C7236,184340,
C7238,,-6978
C7245,184120,
C7246,854556,5794
C7251,,7768
C7259,175780,
C7265,184220,7759
C7267,175920,7762
C7270,175900,-7716
C7271,184390,7767
C7288,174560,7729
C7292,,2162
C7306,184960,7783
C7313,,132
C7316,854589,7802
C7321,,-3974
C7324,,7782
C7327,182260,-3081
C7328,184960,7783
C7332,184860,7775
C7341,550245,-919
C7352,176380,7789
C7357,176360,7786
C7376,177110,7649
C7377,177110,7649
C7381,176800,7648
C7382,854581,7652
C7387,,7658
C7394,176930,7656
C7395,,7828
C7400,185770,7691
C7401,185770,7691
C7402,185770,7691
C7403,185770,7691
C7408,186090,
C7410,182290,
C7416,186290,-3268
C7417,186250,-108
C7419,,-7904
C7425,174470,7718
C7433,175750,7307
C7440,174970,7719
C7455,182120,7734
C7465,855232,7738
C7466,,7739
C7468,,-4656
C7471,,7675
C7472,176510,7822
C7482,,7827
C7493,177580,
C7497,182330,7677
C7504,,3407
C7506,,4821
C7508,600345,4203
C7521,650046,7866
C7522,650046,7866
C7530,,7635
C7534,855234,
C7540,,-3206
C7548,166130,6679
C7549,166140,6702
C7550,167790,6681
C7552,159670,6698
C7553,166170,
C7555,167750,6819
C7560,166380,6767
C7564,166950,6762
C7565,166900,-627
C7566,166950,6762
C7571,,-915
C7580,167050,
C7583,161670,6891
C7588,168040,6907
C7597,854589,7802
C7599,,6892
C7605,,6880
C7606,,6880
C7607,,6880
C7608,,6880
C7613,850645,6709
C7623,850645,6895
C7636,182270,7781
C7637,854565,6355
C7642,184570,
C7645,,6631
C7651,,-754
C7653,166880,
C7658,161820,6902
C7660,,6899
C7662,,6424
C7663,,6900
C7668,852966,6897
C7682,162030,6915
C7683,,6890
C7688,600321,6884
C7690,161890,
C7692,,6916
C7696,,6910
C7697,600464,6908
C7703,,7817
C7705,,6789
C7706,,6787
C7723,,6339
C7724,163590,6520
C7725,163600,6522
C7729,167160,-1307
C7732,,6794
C7737,,6797
C7739,,-6417
C7740,167270,
C7741,,6585
C7750,167210,6784
C7761,854565,6355
C7762,163570,6809
C7763,164870,
C7765,167540,6811
C7767,600572,6802
C7774,164760,
C7775,167670,6816
C7787,161520,6378
C7795,161520,6378
C7803,163990,
C7804,175900,7763
C7806,166480,
C7812,,6818
C7813,161450,6376
C7816,167700,
C7817,,6622
C7818,,6815
C7819,,6775
C7827,,6776
C7830,,6563
C7846,,6571
C7847,,6571
C7853,167810,
C7857,89070,
C7861,167860,
C7863,167820,6857
C7864,167820,6857
C7870,,6852
C7876,863678,
C7877,162060,6878
C7879,165060,-7578
C7880,167920,6863
C7883,167880,7791
C7888,,6621
C7889,,6621
C7890,,6621
C7893,854571,6867
C7898,167990,6868
C7900,854571,6869
C7903,854571,6869
C7913,,6873
C7917,854572,6922
C7922,,6935
C7925,168670,6942
C7926,165520,6939
C7927,165520,6939
C7929,162430,6487
C7933,,6950
C7936,,6957
C7949,,7845
C7956,166210,6742
C7959,166730,
C7973,159970,6749
C7974,166820,-550
C7976,,6944
C7980,168690,
C7982,,6946
C7994,168210,6920
C7995,,6713
C8004,162690,6966
C8005,,6965
C8006,,7868
C8025,,6970
C8027,,6323
C8029,165810,6670
C8032,,6660
C8035,41610,6539
C8036,41610,6539
